Timestamp,Width(cm),Height(cm),Volume(cm³),Error(%)
16:51:33,22.71,17.03,773.51,0.63
16:51:33,19.83,14.87,589.86,1.74
16:51:33,19.83,14.87,589.86,1.61
16:51:33,19.71,14.78,582.62,1.45
16:51:33,19.62,14.71,577.39,1.27
16:51:33,19.59,14.69,575.44,1.98
16:51:33,19.53,14.64,571.85,1.14
16:51:33,19.44,14.58,566.92,1.12
16:51:33,19.44,14.58,566.78,1.37
16:51:33,19.38,14.53,563.35,1.08
16:51:33,19.38,14.53,563.36,0.72
16:51:33,19.35,14.51,561.69,0.73
16:51:33,19.32,14.49,559.96,0.93
16:51:33,19.35,14.51,561.61,1.02
16:51:33,19.35,14.51,561.76,0.72
16:51:33,19.41,14.56,565.1,1.33
16:51:33,19.41,14.56,565.1,1.66
16:51:33,19.44,14.58,566.78,1.31
16:51:33,19.41,14.56,565.1,1.2
16:51:33,19.41,14.56,565.1,0.99
16:51:33,19.38,14.53,563.35,1.63
16:51:33,19.41,14.56,565.17,1.08
16:51:33,19.44,14.58,566.84,1.55
16:51:33,19.5,14.63,570.38,0.58
16:51:33,19.62,14.71,577.24,1.31
16:51:33,19.53,14.65,572.01,0.81
16:51:33,19.56,14.67,573.71,1.12
16:51:33,19.56,14.67,573.71,1.97
16:51:33,19.59,14.69,575.59,1.86
16:51:33,19.59,14.69,575.59,1.8
16:51:34,19.59,14.69,575.43,0.86
16:51:34,19.65,14.74,579.13,1.05
16:51:34,19.62,14.71,577.39,1.32
16:51:34,19.65,14.74,579.13,1.03
16:51:34,19.68,14.76,580.94,0.93
16:51:34,19.68,14.76,580.94,1.87
16:51:34,19.71,14.78,582.7,1.81
16:51:34,19.71,14.78,582.7,1.36
16:51:34,19.67,14.76,580.63,0.75
16:51:34,19.62,14.71,577.24,0.63
16:51:34,19.59,14.69,575.44,1.15
16:51:34,19.59,14.69,575.59,0.51
16:51:34,19.59,14.69,575.59,1.45
16:51:34,19.59,14.69,575.57,1.25
16:51:34,19.59,14.69,575.59,1.87
16:51:34,19.55,14.67,573.56,1.09
16:51:34,19.59,14.69,575.59,0.88
16:51:34,19.62,14.71,577.39,0.76
16:51:34,19.62,14.71,577.39,1.32
16:51:34,19.53,14.64,571.93,0.87
16:51:34,19.53,14.64,571.93,0.87
16:51:34,19.56,14.67,573.72,0.51
16:51:34,19.59,14.69,575.43,1.09
16:51:34,19.53,14.64,571.93,1.09
16:51:34,19.62,14.71,577.24,1.56
16:51:34,19.55,14.67,573.55,1.57
16:51:34,19.59,14.69,575.43,0.98
16:51:34,19.61,14.71,577.07,1.8
16:51:34,19.61,14.71,577.07,1.99
16:51:34,19.61,14.71,577.07,0.93
16:51:35,19.61,14.71,577.07,1.21
16:51:35,19.59,14.69,575.43,0.65
16:51:35,19.59,14.69,575.43,0.97
16:51:35,19.61,14.71,577.07,1.29
16:51:35,19.64,14.73,578.79,0.71
16:51:35,19.56,14.67,573.72,0.65
16:51:35,19.59,14.69,575.43,0.78
16:51:35,19.62,14.71,577.24,1.07
16:51:35,19.56,14.67,573.62,1.72
16:51:35,19.56,14.67,573.62,1.41
16:51:35,19.56,14.67,573.7,1.06
16:51:35,19.62,14.71,577.14,0.81
16:51:35,19.59,14.69,575.43,1.27
16:51:35,19.59,14.69,575.59,1.12
16:51:35,19.62,14.71,577.32,1.8
16:51:35,19.71,14.78,582.7,0.64
16:51:35,19.55,14.67,573.56,1.49
16:51:35,19.56,14.67,573.73,1.78
16:51:35,19.5,14.62,570.37,1.33
16:51:35,19.5,14.62,570.37,1.07
16:51:35,19.53,14.65,572.09,1.12
16:51:35,19.53,14.64,571.92,1.86
16:51:35,19.5,14.62,570.3,1.52
16:51:35,19.47,14.6,568.62,1.88
16:51:35,19.53,14.65,572.09,1.77
16:51:35,19.53,14.65,572.02,0.81
16:51:35,19.53,14.65,572.09,0.76
16:51:35,19.65,14.73,578.98,1.84
16:51:35,19.56,14.67,573.72,0.86
16:51:35,19.49,14.62,570.08,1.51
16:51:36,19.53,14.65,571.94,1.17
16:51:36,19.47,14.6,568.46,1.95
16:51:36,19.38,14.53,563.36,0.84
16:51:36,19.32,14.49,560.02,1.49
16:51:36,19.24,14.43,555.03,0.96
16:51:36,19.24,14.43,555.03,1.92
16:51:36,19.26,14.45,556.59,1.25
16:51:36,19.26,14.45,556.66,1.42
16:51:36,19.27,14.45,556.73,0.87
16:51:36,19.29,14.47,558.24,1.96
16:51:36,19.24,14.43,555.03,1.89
16:51:36,19.23,14.42,554.81,1.26
16:51:36,19.18,14.38,551.57,0.83
16:51:36,19.15,14.36,549.95,1.07
16:51:36,19.06,14.29,544.87,0.66
16:51:36,18.92,14.19,537.04,0.61
16:51:36,18.84,14.13,532.46,0.77
16:51:36,18.81,14.11,530.88,0.59
16:51:36,18.84,14.13,532.41,1.37
16:51:36,18.92,14.19,537.17,1.41
16:51:36,19.01,14.25,541.79,1.49
16:51:36,19.04,14.28,543.58,1.24
16:51:36,19.09,14.32,546.69,0.82
16:51:36,19.09,14.32,546.69,1.59
16:51:36,19.04,14.28,543.58,1.02
16:51:36,19.01,14.26,541.93,1.52
16:51:36,19.09,14.32,546.69,1.36
16:51:36,19.09,14.32,546.74,1.11
16:51:36,19.01,14.26,541.93,1.49
16:51:36,19.01,14.26,541.93,0.64
16:51:37,19.06,14.3,545.02,1.27
16:51:37,19.06,14.3,545.15,1.83
16:51:37,19.03,14.28,543.44,0.51
16:51:37,19.06,14.3,545.02,0.9
16:51:37,19.09,14.32,546.68,1.29
16:51:37,19.09,14.32,546.68,1.32
16:51:37,19.09,14.32,546.54,1.73
16:51:37,19.06,14.3,545.16,0.77
16:51:37,19.06,14.3,545.15,0.85
16:51:37,19.06,14.3,545.15,1.64
16:51:37,19.06,14.3,545.15,0.68
16:51:37,19.06,14.3,545.03,1.95
16:51:37,19.06,14.3,545.03,0.99
16:51:37,19.06,14.3,545.15,1.85
16:51:37,19.06,14.3,545.03,1.61
16:51:37,19.06,14.3,545.03,1.06
16:51:37,19.06,14.3,545.02,1.27
16:51:37,19.06,14.3,545.15,1.84
16:51:37,19.09,14.32,546.54,0.93
16:51:37,19.06,14.3,545.03,1.44
16:51:37,19.06,14.3,545.02,0.83
16:51:37,19.06,14.3,545.15,1.5
16:51:37,19.06,14.3,545.03,1.05
16:51:37,19.06,14.3,545.02,1.58
16:51:37,19.06,14.3,545.15,1.66
16:51:37,19.06,14.3,545.02,1.86
16:51:37,19.09,14.32,546.54,0.63
16:51:37,19.06,14.3,545.03,1.09
16:51:37,19.06,14.3,545.15,1.2
16:51:37,19.06,14.3,545.15,1.86
16:51:38,19.09,14.32,546.54,1.79
16:51:38,19.06,14.3,545.16,1.56
16:51:38,19.09,14.32,546.68,1.53
16:51:38,19.06,14.3,545.16,0.61
16:51:38,19.06,14.3,545.16,1.1
16:51:38,19.06,14.3,545.16,0.87
16:51:38,19.06,14.3,545.15,1.17
16:51:38,19.06,14.3,545.16,1.62
16:51:38,19.06,14.3,545.15,1.25
16:51:38,19.04,14.28,543.58,1.09
16:51:38,19.06,14.3,545.15,0.63
16:51:38,19.06,14.3,545.16,1.16
16:51:38,19.06,14.3,545.15,0.78
16:51:38,19.06,14.3,545.15,1.44
16:51:38,19.06,14.3,545.15,0.65
16:51:38,19.06,14.3,545.15,0.88
16:51:38,19.09,14.32,546.68,1.74
16:51:38,19.06,14.3,545.15,0.63
16:51:38,19.09,14.32,546.69,1.56
16:51:38,19.09,14.32,546.69,1.43
16:51:38,19.04,14.28,543.58,0.63
16:51:38,19.09,14.32,546.68,0.91
16:51:38,19.09,14.32,546.68,1.98
16:51:38,19.06,14.3,545.15,0.96
16:51:38,19.06,14.3,545.16,0.95
16:51:38,19.09,14.32,546.75,0.59
16:51:38,19.12,14.34,548.29,0.79
16:51:38,19.09,14.32,546.74,1.79
16:51:38,19.06,14.3,545.16,1.07
16:51:39,19.12,14.34,548.29,1.95
16:51:39,19.12,14.34,548.29,1.8
16:51:39,19.12,14.34,548.27,1.12
16:51:39,19.09,14.32,546.75,1.23
16:51:39,19.12,14.34,548.29,1.96
16:51:39,19.12,14.34,548.28,0.56
16:51:39,19.12,14.34,548.28,0.78
16:51:39,19.09,14.32,546.72,1.06
16:51:39,19.12,14.34,548.28,1.15
16:51:39,19.12,14.34,548.28,1.68
16:51:39,19.09,14.32,546.68,0.52
16:51:39,19.06,14.3,545.16,0.54
16:51:39,19.12,14.34,548.28,1.88
16:51:39,19.12,14.34,548.28,1.8
16:51:39,19.06,14.3,545.15,1.41
16:51:39,19.12,14.34,548.29,0.57
16:51:39,19.09,14.32,546.61,1.99
16:51:39,19.09,14.32,546.61,1.34
16:51:39,19.06,14.3,545.15,0.62
16:51:39,19.12,14.34,548.26,0.93
16:51:39,19.12,14.34,548.28,0.77
16:51:39,19.12,14.34,548.28,1.17
16:51:39,19.09,14.32,546.74,1.45
16:51:39,19.12,14.34,548.28,0.77
16:51:39,19.12,14.34,548.28,0.93
16:51:39,19.09,14.32,546.68,1.24
16:51:39,19.12,14.34,548.28,1.77
16:51:39,19.12,14.34,548.28,1.7
16:51:39,19.12,14.34,548.28,0.94
16:51:39,19.09,14.32,546.61,0.74
16:51:39,19.09,14.32,546.68,0.67
16:51:40,19.06,14.3,545.15,1.93
16:51:40,19.12,14.34,548.28,0.98
16:51:40,19.06,14.3,545.02,1.51
16:51:40,19.09,14.32,546.68,0.65
16:51:40,19.12,14.34,548.26,0.71
16:51:40,19.06,14.3,545.02,1.97
16:51:40,19.09,14.32,546.68,1.94
16:51:40,19.09,14.32,546.68,1.14
16:51:40,19.06,14.3,545.02,1.76
16:51:40,19.06,14.3,545.15,0.98
16:51:40,19.06,14.3,545.02,1.37
16:51:40,19.06,14.3,545.02,0.92
16:51:40,19.06,14.3,545.02,1.46
16:51:40,19.04,14.28,543.5,1.24
16:51:40,19.06,14.3,545.02,1.18
16:51:40,19.06,14.3,545.02,1.13
16:51:40,19.06,14.3,545.02,1.81
16:51:40,19.06,14.3,545.02,1.37
16:51:40,19.06,14.3,545.02,1.97
16:51:40,19.06,14.3,545.02,1.15
16:51:40,19.06,14.3,545.02,1.26
16:51:40,19.06,14.3,545.02,0.75
16:51:40,19.06,14.3,545.15,1.31
16:51:40,19.06,14.3,545.02,1.44
16:51:40,19.09,14.32,546.68,1.24
16:51:40,19.06,14.3,545.02,1.54
16:51:40,19.06,14.3,545.02,1.97
16:51:40,19.09,14.32,546.68,1.88
16:51:40,19.04,14.28,543.5,0.8
16:51:41,19.09,14.32,546.68,1.68
16:51:41,19.09,14.32,546.68,0.91
16:51:41,19.09,14.32,546.68,1.57
16:51:41,19.06,14.3,545.16,1.52
16:51:41,19.09,14.32,546.68,1.07
16:51:41,19.09,14.32,546.68,0.65
16:51:41,19.09,14.32,546.68,1.34
16:51:41,19.09,14.32,546.68,1.47
16:51:41,19.06,14.3,545.15,0.82
16:51:41,19.06,14.3,545.02,0.93
16:51:41,19.12,14.34,548.28,1.89
16:51:41,19.06,14.3,545.15,1.64
16:51:41,19.12,14.34,548.28,0.79
16:51:41,19.09,14.32,546.61,1.41
16:51:41,19.06,14.3,545.16,1.29
16:51:41,19.06,14.3,545.16,1.53
16:51:41,19.06,14.3,545.02,1.81
16:51:41,19.09,14.32,546.61,1.13
16:51:41,19.12,14.34,548.28,0.55
16:51:41,19.12,14.34,548.28,1.65
16:51:41,19.09,14.32,546.74,1.56
16:51:41,19.12,14.34,548.28,0.74
16:51:41,19.09,14.32,546.68,1.48
16:51:41,19.12,14.34,548.28,1.58
16:51:41,19.09,14.32,546.75,0.93
16:51:41,19.09,14.32,546.75,1.53
16:51:41,19.12,14.34,548.28,0.7
16:51:41,19.09,14.32,546.74,1.56
16:51:41,19.06,14.29,544.87,1.77
16:51:41,19.09,14.32,546.68,0.63
16:51:42,19.09,14.32,546.68,1.04
16:51:42,19.09,14.32,546.68,1.33
16:51:42,19.09,14.32,546.69,1.12
16:51:42,19.09,14.32,546.53,0.99
16:51:42,19.09,14.32,546.69,1.45
16:51:42,19.09,14.32,546.53,1.61
16:51:42,19.09,14.32,546.53,1.55
16:51:42,19.09,14.32,546.69,1.12
16:51:42,19.09,14.32,546.69,0.69
16:51:42,19.09,14.32,546.69,1.55
16:51:42,19.09,14.32,546.69,0.75
16:51:42,19.09,14.32,546.69,1.25
16:51:42,19.06,14.3,545.1,1.59
16:51:42,19.09,14.32,546.82,1.33
16:51:42,19.09,14.32,546.69,1.74
16:51:42,19.09,14.32,546.69,0.77
16:51:42,19.09,14.32,546.69,0.93
16:51:42,19.06,14.3,545.1,0.94
16:51:42,19.09,14.32,546.82,1.1
16:51:42,19.09,14.32,546.69,0.58
16:51:42,19.09,14.32,546.69,1.24
16:51:42,19.09,14.32,546.69,0.67
16:51:42,19.06,14.3,544.94,1.12
16:51:42,19.09,14.32,546.69,0.95
16:51:42,19.09,14.32,546.53,1.66
16:51:42,19.09,14.32,546.69,1.88
16:51:42,19.09,14.32,546.69,1.33
16:51:42,19.09,14.32,546.69,1.72
16:51:42,19.06,14.3,545.1,1.77
16:51:42,19.09,14.32,546.69,0.71
16:51:43,19.09,14.32,546.69,1.33
16:51:43,19.09,14.32,546.69,0.6
16:51:43,19.15,14.36,550.15,1.25
16:51:43,19.18,14.38,551.74,0.82
16:51:43,19.1,14.32,547.04,1.09
16:51:43,19.18,14.39,551.9,1.66
16:51:43,19.15,14.36,550.12,0.86
16:51:43,19.15,14.36,550.12,0.74
16:51:43,19.18,14.38,551.75,1.3
16:51:43,19.12,14.34,548.48,1.99
16:51:43,19.18,14.38,551.75,1.3
16:51:43,19.15,14.36,550.12,1.45
16:51:43,19.15,14.36,550.11,1.78
16:51:43,19.15,14.36,550.11,1.42
16:51:43,19.15,14.36,550.12,1.88
16:51:43,19.18,14.38,551.75,1.24
16:51:43,19.15,14.36,550.12,1.53
16:51:43,19.18,14.38,551.75,0.91
16:51:43,19.15,14.36,550.12,0.92
16:51:43,19.18,14.38,551.75,0.93
16:51:43,19.12,14.34,548.48,0.66
16:51:43,19.18,14.38,551.75,1.4
16:51:43,19.15,14.36,550.12,1.23
16:51:43,19.15,14.36,550.12,0.76
16:51:43,19.15,14.36,550.18,1.77
16:51:43,19.15,14.36,550.12,0.51
16:51:43,19.15,14.36,550.12,1.81
16:51:43,19.12,14.34,548.48,0.84
16:51:43,19.12,14.34,548.48,0.51
16:51:43,19.15,14.36,550.12,0.74
16:51:43,19.15,14.36,550.2,1.82
16:51:44,19.15,14.36,550.12,0.62
16:51:44,19.15,14.36,550.12,0.53
16:51:44,19.18,14.39,551.84,1.57
16:51:44,19.12,14.34,548.48,0.68
16:51:44,19.18,14.38,551.75,0.6
16:51:44,19.18,14.38,551.75,1.54
16:51:44,19.15,14.36,550.11,0.89
16:51:44,19.15,14.36,550.12,0.94
16:51:44,19.18,14.38,551.75,1.77
16:51:44,19.15,14.36,550.11,1.87
16:51:44,19.15,14.36,550.11,0.7
16:51:44,19.18,14.38,551.75,1.22
16:51:44,19.15,14.36,550.12,1.2
16:51:44,19.12,14.34,548.48,0.91
16:51:44,19.12,14.34,548.48,1.1
16:51:44,19.18,14.38,551.75,0.98
16:51:44,19.15,14.36,550.12,1.49
16:51:44,19.15,14.36,550.11,1.83
16:51:44,19.21,14.41,553.48,0.5
16:51:44,19.21,14.41,553.48,1.23
16:51:44,19.15,14.36,550.12,1.49
16:51:44,19.12,14.34,548.48,0.53
16:51:44,19.15,14.36,550.11,0.95
16:51:44,19.15,14.36,550.12,1.16
16:51:44,19.18,14.38,551.75,1.98
16:51:44,19.15,14.36,550.11,1.96
16:51:44,19.12,14.34,548.54,1.79
16:51:44,19.15,14.36,550.18,0.62
16:51:44,19.18,14.38,551.75,1.59
16:51:44,19.12,14.34,548.54,1.13
16:51:45,19.12,14.34,548.48,1.38
16:51:45,19.15,14.36,550.12,1.31
16:51:45,19.15,14.36,550.11,1.15
16:51:45,19.15,14.36,550.26,0.71
16:51:45,19.12,14.34,548.62,1.65
16:51:45,19.15,14.36,550.12,1.3
16:51:45,19.12,14.34,548.54,1.25
16:51:45,19.09,14.32,546.92,0.52
16:51:45,19.09,14.32,546.92,1.4
16:51:45,19.15,14.36,550.11,1.31
16:51:45,19.12,14.34,548.48,0.89
16:51:45,19.12,14.34,548.48,1.38
16:51:45,19.15,14.36,550.11,0.59
16:51:45,19.15,14.36,550.11,1.64
16:51:45,19.12,14.34,548.48,1.94
16:51:45,19.15,14.36,550.11,1.67
16:51:45,19.09,14.32,546.92,0.76
16:51:45,19.12,14.34,548.48,1.19
16:51:45,19.15,14.36,550.12,1.19
16:51:45,19.15,14.36,550.2,1.62
16:51:45,19.12,14.34,548.62,1.94
16:51:45,19.12,14.34,548.48,0.87
16:51:45,19.15,14.36,550.26,1.18
16:51:45,19.09,14.32,546.92,0.87
16:51:45,19.12,14.34,548.54,0.89
16:51:45,19.12,14.34,548.63,1.82
16:51:45,19.15,14.36,550.11,0.79
16:51:45,19.12,14.34,548.48,0.63
16:51:45,19.15,14.36,550.11,1.34
16:51:45,19.15,14.36,550.2,1.34
16:51:46,19.12,14.34,548.55,1.05
16:51:46,19.15,14.36,550.11,1.62
16:51:46,19.12,14.34,548.48,1.71
16:51:46,19.12,14.34,548.48,0.92
16:51:46,19.18,14.38,551.75,0.68
16:51:46,19.15,14.36,550.11,1.44
16:51:46,19.12,14.34,548.54,1.99
16:51:46,19.12,14.34,548.54,1.34
16:51:46,19.12,14.34,548.54,1.71
16:51:46,19.09,14.32,546.92,1.9
16:51:46,19.09,14.32,546.92,1.48
16:51:46,19.15,14.36,550.11,1.64
16:51:46,19.12,14.34,548.54,1.74
16:51:46,19.12,14.34,548.48,1.71
16:51:46,19.15,14.36,550.11,1.82
16:51:46,19.09,14.32,546.92,1.22
16:51:46,19.15,14.36,550.11,1.02
16:51:46,19.09,14.32,546.92,1.57
16:51:46,19.15,14.36,550.18,1.13
16:51:46,19.15,14.36,550.18,1.82
16:51:46,19.15,14.36,550.11,1.47
16:51:46,19.12,14.34,548.54,1.98
16:51:46,19.12,14.34,548.54,1.91
16:51:46,19.12,14.34,548.54,0.95
16:51:46,19.12,14.34,548.54,0.99
16:51:46,19.12,14.34,548.54,1.25
16:51:46,19.15,14.36,550.11,1.94
16:51:46,19.12,14.34,548.54,1.5
16:51:46,19.12,14.34,548.48,0.9
16:51:46,19.09,14.32,546.92,1.6
16:51:47,19.09,14.32,546.92,0.9
16:51:47,19.12,14.34,548.62,1.65
16:51:47,19.12,14.34,548.54,1.89
16:51:47,19.12,14.34,548.54,1.89
16:51:47,19.09,14.32,546.92,1.46
16:51:47,19.15,14.36,550.11,1.42
16:51:47,19.09,14.32,546.92,1.5
16:51:47,19.12,14.34,548.54,1.86
16:51:47,19.12,14.34,548.54,0.98
16:51:47,19.12,14.34,548.54,0.91
16:51:47,19.15,14.36,550.11,1.18
16:51:47,19.15,14.36,550.18,0.61
16:51:47,19.12,14.34,548.54,0.69
16:51:47,19.09,14.32,546.92,1.42
16:51:47,19.15,14.36,550.12,1.15
16:51:47,19.12,14.34,548.48,1.64
16:51:47,19.09,14.32,546.92,1.24
16:51:47,19.09,14.32,546.92,1.82
16:51:47,19.09,14.32,546.92,1.95
16:51:47,19.09,14.32,546.92,0.65
16:51:47,19.09,14.32,546.92,1.43
16:51:47,19.09,14.32,546.92,1.56
16:51:47,19.12,14.34,548.48,1.15
16:51:47,19.09,14.32,546.92,0.7
16:51:47,19.09,14.32,546.92,1.17
16:51:47,19.12,14.34,548.48,0.64
16:51:47,19.09,14.32,546.92,0.84
16:51:47,19.12,14.34,548.48,1.05
16:51:47,19.09,14.32,546.92,1.58
16:51:47,19.09,14.32,546.92,0.81
16:51:48,19.09,14.32,546.92,1.82
16:51:48,19.15,14.36,550.11,0.95
16:51:48,19.09,14.32,546.92,1.61
16:51:48,19.09,14.32,546.92,1.14
16:51:48,19.09,14.32,546.92,0.59
16:51:48,19.07,14.3,545.3,1.73
16:51:48,19.15,14.36,550.11,1.77
16:51:48,19.09,14.32,546.92,1.92
16:51:48,19.09,14.32,546.92,0.88
16:51:48,19.15,14.36,550.11,0.61
16:51:48,19.15,14.36,550.11,0.51
16:51:48,19.15,14.36,550.11,1.44
16:51:48,19.12,14.34,548.62,1.98
16:51:48,19.12,14.34,548.48,0.81
16:51:48,19.09,14.32,546.92,1.48
16:51:48,19.15,14.36,550.11,1.53
16:51:48,19.15,14.36,550.11,1.08
16:51:48,19.12,14.34,548.54,1.81
16:51:48,19.09,14.32,546.92,1.13
16:51:48,19.12,14.34,548.48,1.83
16:51:48,19.12,14.34,548.48,0.89
16:51:48,19.09,14.32,546.92,0.66
16:51:48,19.09,14.32,546.92,1.94
16:51:48,19.15,14.36,550.11,1.47
16:51:48,19.12,14.34,548.54,1.74
16:51:48,19.12,14.34,548.48,1.56
16:51:48,19.12,14.34,548.48,1.75
16:51:48,19.09,14.32,546.92,1.84
16:51:48,19.12,14.34,548.48,1.41
16:51:48,19.12,14.34,548.48,0.76
16:51:49,19.12,14.34,548.48,1.04
16:51:49,19.12,14.34,548.48,1.99
16:51:49,19.15,14.36,550.12,1.46
16:51:49,19.15,14.36,550.11,1.69
16:51:49,19.15,14.36,550.11,1.08
16:51:49,19.12,14.34,548.48,1.05
16:51:49,19.15,14.36,550.11,1.59
16:51:49,19.15,14.36,550.11,0.59
16:51:49,19.18,14.38,551.75,1.65
16:51:49,19.15,14.36,550.11,1.13
16:51:49,19.12,14.34,548.48,1.0
16:51:49,19.12,14.34,548.48,0.64
16:51:49,19.15,14.36,550.11,1.06
16:51:49,19.18,14.38,551.75,0.72
16:51:49,19.15,14.36,550.11,0.67
16:51:49,19.15,14.36,550.11,0.89
16:51:49,19.12,14.34,548.48,0.58
16:51:49,19.15,14.36,550.11,1.52
16:51:49,19.12,14.34,548.48,1.3
16:51:49,19.12,14.34,548.48,1.7
16:51:49,19.15,14.36,550.11,0.59
16:51:49,19.15,14.36,550.11,1.01
16:51:49,19.15,14.36,550.11,1.6
16:51:49,19.15,14.36,550.11,1.06
16:51:49,19.15,14.36,550.11,1.08
16:51:49,19.15,14.36,550.11,0.73
16:51:49,19.18,14.38,551.75,1.22
16:51:49,19.15,14.36,550.11,1.47
16:51:49,19.12,14.34,548.48,1.92
16:51:49,19.12,14.34,548.48,1.08
16:51:50,19.12,14.34,548.48,0.91
16:51:50,19.15,14.36,550.11,1.71
16:51:50,19.15,14.36,550.11,1.04
16:51:50,19.12,14.34,548.48,0.65
16:51:50,19.15,14.36,550.11,1.66
16:51:50,19.12,14.34,548.48,1.72
16:51:50,19.12,14.34,548.48,1.79
16:51:50,19.15,14.36,550.11,1.08
16:51:50,19.18,14.38,551.75,0.65
16:51:50,19.12,14.34,548.48,1.24
16:51:50,19.15,14.36,550.26,0.93
16:51:50,19.12,14.34,548.54,1.19
16:51:50,19.15,14.36,550.11,0.53
16:51:50,19.09,14.32,546.92,0.95
16:51:50,19.09,14.32,546.92,1.78
16:51:50,19.12,14.34,548.54,1.45
16:51:50,19.12,14.34,548.55,1.61
16:51:50,19.09,14.32,546.92,0.75
16:51:50,19.09,14.32,546.92,0.53
16:51:50,19.15,14.36,550.11,1.07
16:51:50,19.18,14.38,551.75,0.85
16:51:50,19.15,14.36,550.18,1.26
16:51:50,19.12,14.34,548.54,1.66
16:51:50,19.12,14.34,548.48,1.31
16:51:50,19.15,14.36,550.12,1.82
16:51:50,19.15,14.36,550.26,1.73
16:51:50,19.15,14.36,550.18,1.89
16:51:51,19.12,14.34,548.54,1.67
16:51:51,19.15,14.36,550.11,1.15
16:51:51,19.15,14.36,550.11,0.52
16:51:51,19.12,14.34,548.54,1.41
16:51:51,19.09,14.32,546.92,1.43
16:51:51,19.09,14.32,546.92,1.03
16:51:51,19.15,14.36,550.11,1.58
16:51:51,19.15,14.36,550.11,1.45
16:51:51,19.12,14.34,548.54,1.12
16:51:51,19.12,14.34,548.54,0.77
16:51:51,19.12,14.34,548.62,1.12
16:51:51,19.12,14.34,548.54,0.55
16:51:51,19.12,14.34,548.48,0.63
16:51:51,19.12,14.34,548.54,1.93
16:51:51,19.15,14.36,550.11,0.7
16:51:51,19.09,14.32,546.92,1.61
16:51:51,19.15,14.36,550.2,1.21
16:51:51,19.15,14.36,550.2,1.53
16:51:51,19.12,14.34,548.54,1.63
16:51:51,19.15,14.36,550.2,1.43
16:51:51,19.15,14.36,550.11,0.57
16:51:51,19.12,14.34,548.54,1.8
16:51:51,19.12,14.34,548.54,1.31
16:51:51,19.09,14.32,546.92,1.49
16:51:51,19.09,14.32,546.92,0.63
16:51:51,19.12,14.34,548.48,0.93
16:51:52,19.12,14.34,548.54,0.7
16:51:52,19.12,14.34,548.48,0.68
16:51:52,19.12,14.34,548.54,0.73
16:51:52,19.12,14.34,548.48,0.67
16:51:52,19.15,14.36,550.11,0.7
16:51:52,19.15,14.36,550.11,1.33
16:51:52,19.12,14.34,548.48,1.25
16:51:52,19.15,14.36,550.11,0.53
16:51:52,19.12,14.34,548.54,1.2
16:51:52,19.12,14.34,548.62,1.32
16:51:52,19.12,14.34,548.48,0.99
16:51:52,19.12,14.34,548.62,0.78
16:51:52,19.12,14.34,548.54,0.8
16:51:52,19.09,14.32,546.92,1.48
16:51:52,19.09,14.32,546.92,0.62
16:51:52,19.18,14.39,551.83,1.8
16:51:52,19.12,14.34,548.48,0.96
16:51:52,19.15,14.36,550.11,0.87
16:51:52,19.12,14.34,548.48,1.89
16:51:52,19.15,14.36,550.11,0.55
16:51:52,19.15,14.36,550.11,0.8
16:51:52,19.15,14.36,550.11,1.58
16:51:52,19.12,14.34,548.48,1.63
16:51:52,19.12,14.34,548.54,1.23
16:51:52,19.12,14.34,548.48,1.99
16:51:52,19.12,14.34,548.48,1.48
16:51:53,19.15,14.36,550.11,1.36
16:51:53,19.12,14.34,548.48,1.21
16:51:53,19.12,14.34,548.54,1.08
16:51:53,19.12,14.34,548.48,0.64
16:51:53,19.12,14.34,548.54,1.41
16:51:53,19.12,14.34,548.62,0.88
16:51:53,19.15,14.36,550.11,1.43
16:51:53,19.15,14.36,550.2,1.16
16:51:53,19.35,14.52,561.89,1.45
16:51:53,19.32,14.49,560.12,1.83
16:51:53,19.29,14.47,558.37,1.63
16:51:53,19.27,14.45,556.79,1.25
16:51:53,19.27,14.45,556.79,0.59
16:51:53,19.27,14.45,556.79,1.18
16:51:53,19.27,14.45,556.79,1.56
16:51:53,19.24,14.43,555.2,1.02
16:51:53,19.24,14.43,555.2,1.37
16:51:53,19.27,14.45,556.79,1.08
16:51:53,19.27,14.45,556.79,1.57
16:51:53,19.24,14.43,555.2,1.16
16:51:53,19.27,14.45,556.79,1.46
16:51:53,19.24,14.43,555.2,0.64
16:51:53,19.27,14.45,556.79,1.17
16:51:53,19.27,14.45,556.79,1.06
16:51:53,19.27,14.45,556.79,0.71
16:51:53,19.27,14.45,556.79,0.75
16:51:53,19.27,14.45,556.79,0.59
16:51:54,19.27,14.45,556.79,1.0
16:51:54,19.29,14.47,558.43,1.28
16:51:54,19.24,14.43,555.2,1.08
16:51:54,19.24,14.43,555.2,1.08
16:51:54,19.27,14.45,556.79,2.0
16:51:54,19.24,14.43,555.2,1.86
16:51:54,19.27,14.45,556.79,1.79
16:51:54,19.27,14.45,556.79,1.7
16:51:54,19.27,14.45,556.79,1.78
16:51:54,19.24,14.43,555.2,0.89
16:51:54,19.27,14.45,556.79,0.97
16:51:54,19.27,14.45,556.79,1.48
16:51:54,19.27,14.45,556.79,0.57
16:51:54,19.24,14.43,555.2,1.43
16:51:54,19.24,14.43,555.2,1.31
16:51:54,19.24,14.43,555.2,0.97
16:51:54,19.27,14.45,556.79,1.55
16:51:54,19.27,14.45,556.79,1.28
16:51:54,19.24,14.43,555.2,1.57
16:51:54,19.27,14.45,556.79,0.72
16:51:54,19.27,14.45,556.79,1.62
16:51:54,19.27,14.45,556.79,0.6
16:51:54,19.27,14.45,556.79,1.54
16:51:54,19.27,14.45,556.79,0.92
16:51:54,19.27,14.45,556.79,1.56
16:51:54,19.24,14.43,555.2,1.63
16:51:54,19.24,14.43,555.2,1.18
16:51:54,19.24,14.43,555.2,1.19
16:51:54,19.24,14.43,555.2,0.89
16:51:54,19.27,14.45,556.79,1.2
16:51:55,19.24,14.43,555.2,1.63
16:51:55,19.24,14.43,555.2,0.53
16:51:55,19.27,14.45,556.79,1.78
16:51:55,19.27,14.45,556.79,0.67
16:51:55,19.27,14.45,556.79,1.69
16:51:55,19.27,14.45,556.79,0.63
16:51:55,19.27,14.45,556.79,0.82
16:51:55,19.27,14.45,556.79,1.85
16:51:55,19.27,14.45,556.92,0.6
16:51:55,19.27,14.45,556.79,1.33
16:51:55,19.27,14.45,556.79,1.99
16:51:55,19.24,14.43,555.2,1.53
16:51:55,19.24,14.43,555.2,1.5
16:51:55,19.27,14.45,556.79,1.24
16:51:55,19.3,14.47,558.56,1.44
16:51:55,19.27,14.45,556.85,1.44
16:51:55,19.24,14.43,555.2,1.84
16:51:55,19.32,14.49,560.08,1.84
16:51:55,19.29,14.47,558.43,1.46
16:51:55,19.29,14.47,558.43,1.7
16:51:55,19.27,14.45,556.78,1.1
16:51:55,19.27,14.45,556.78,1.6
16:51:55,19.29,14.47,558.43,1.54
16:51:55,19.29,14.47,558.43,1.98
16:51:55,19.29,14.47,558.43,1.88
16:51:55,19.27,14.45,556.78,1.47
16:51:55,19.29,14.47,558.43,1.74
16:51:56,19.29,14.47,558.43,1.81
16:51:56,19.29,14.47,558.43,0.6
16:51:56,19.29,14.47,558.43,1.73
16:51:56,19.29,14.47,558.43,0.92
16:51:56,19.29,14.47,558.43,0.94
16:51:56,19.29,14.47,558.43,1.74
16:51:56,19.27,14.45,556.78,1.33
16:51:56,19.29,14.47,558.43,0.77
16:51:56,19.29,14.47,558.43,0.79
16:51:56,19.29,14.47,558.43,1.5
16:51:56,19.27,14.45,556.78,0.69
16:51:56,19.29,14.47,558.43,1.01
16:51:56,19.27,14.45,556.78,1.56
16:51:56,19.27,14.45,556.78,1.17
16:51:56,19.29,14.47,558.43,0.63
16:51:56,19.27,14.45,556.78,1.42
16:51:56,19.26,14.45,556.66,0.94
16:51:56,19.29,14.47,558.43,0.64
16:51:56,19.27,14.45,556.78,0.87
16:51:56,19.27,14.45,556.78,1.73
16:51:56,19.29,14.47,558.43,1.72
16:51:56,19.29,14.47,558.43,1.13
16:51:56,19.29,14.47,558.43,1.62
16:51:56,19.29,14.47,558.3,1.61
16:51:56,19.29,14.47,558.43,0.52
16:51:56,19.27,14.45,556.78,1.64
16:51:56,19.29,14.47,558.43,1.25
16:51:56,19.27,14.45,556.78,0.5
16:51:56,19.29,14.47,558.43,1.93
16:51:56,19.29,14.47,558.43,1.29
16:51:57,19.29,14.47,558.43,1.55
16:51:57,19.27,14.45,556.78,1.63
16:51:57,19.29,14.47,558.43,1.86
16:51:57,19.27,14.45,556.78,0.53
16:51:57,19.29,14.47,558.43,1.32
16:51:57,19.27,14.45,556.78,1.07
16:51:57,19.29,14.47,558.43,1.39
16:51:57,19.29,14.47,558.43,0.76
16:51:57,19.29,14.47,558.43,1.3
16:51:57,19.29,14.47,558.43,1.93
16:51:57,19.29,14.47,558.43,1.43
16:51:57,19.29,14.47,558.43,0.78
16:51:57,19.29,14.47,558.43,1.17
16:51:57,19.29,14.47,558.43,1.95
16:51:57,19.29,14.47,558.41,0.74
16:51:57,19.27,14.45,556.78,0.97
16:51:57,19.29,14.47,558.43,1.44
16:51:57,19.29,14.47,558.43,1.28
16:51:57,19.29,14.47,558.43,1.44
16:51:57,19.29,14.47,558.43,1.3
16:51:57,19.29,14.47,558.43,1.77
16:51:57,19.29,14.47,558.43,1.6
16:51:57,19.29,14.47,558.43,1.77
16:51:57,19.29,14.47,558.41,0.51
16:51:57,19.29,14.47,558.43,1.73
16:51:57,19.29,14.47,558.43,1.3
16:51:57,19.29,14.47,558.43,1.22
16:51:57,19.29,14.47,558.43,1.73
16:51:57,19.27,14.45,556.78,0.56
16:51:57,19.29,14.47,558.43,1.29
16:51:58,19.29,14.47,558.43,1.28
16:51:58,19.27,14.45,556.78,1.52
16:51:58,19.27,14.45,556.78,0.59
16:51:58,19.27,14.45,556.78,1.83
16:51:58,19.29,14.47,558.43,1.76
16:51:58,19.29,14.47,558.43,1.94
16:51:58,19.27,14.45,556.78,1.41
16:51:58,19.29,14.47,558.43,0.88
16:51:58,19.29,14.47,558.43,0.62
16:51:58,19.26,14.45,556.66,1.17
16:51:58,19.26,14.45,556.64,1.9
16:51:58,19.24,14.43,555.06,1.67
16:51:58,19.26,14.45,556.66,1.34
16:51:58,19.32,14.49,560.02,1.4
16:51:58,19.29,14.47,558.4,1.75
16:51:58,19.27,14.45,556.79,0.86
16:51:58,19.26,14.45,556.64,0.81
16:51:58,19.29,14.47,558.43,1.44
16:51:58,19.26,14.45,556.64,1.26
16:51:58,19.29,14.47,558.28,1.72
16:51:58,19.35,14.51,561.81,1.91
16:51:58,19.35,14.51,561.81,0.75
16:51:58,19.41,14.56,565.32,0.57
16:51:58,19.5,14.63,570.47,0.89
16:51:58,19.71,14.78,582.77,1.52
16:51:58,19.8,14.85,588.25,0.53
16:51:58,19.95,14.97,597.28,0.72
16:51:58,21.97,16.48,724.21,0.7
16:51:58,21.97,16.48,724.21,1.27
16:51:58,21.97,16.48,724.21,1.77
16:51:59,21.97,16.48,724.21,1.28
16:51:59,21.97,16.48,724.21,0.52
16:51:59,21.97,16.48,724.21,0.96
16:51:59,21.97,16.48,724.21,1.36
16:51:59,21.97,16.48,724.21,1.53
16:51:59,21.97,16.48,724.21,0.67
16:51:59,21.97,16.48,724.21,1.22
16:51:59,21.97,16.48,724.21,0.81
16:51:59,21.97,16.48,724.21,1.98
16:51:59,21.97,16.48,724.21,0.59
16:51:59,21.97,16.48,724.21,0.98
16:51:59,21.97,16.48,724.21,1.91
16:51:59,21.97,16.48,724.21,0.83
16:51:59,21.97,16.48,724.21,1.95
16:51:59,21.97,16.48,724.21,1.43
16:51:59,21.97,16.48,724.21,1.83
16:51:59,21.97,16.48,724.21,1.57
16:51:59,21.97,16.48,724.21,1.87
16:51:59,21.97,16.48,724.21,1.23
16:51:59,21.97,16.48,724.21,1.33
16:51:59,21.97,16.48,724.21,1.06
16:51:59,21.97,16.48,724.21,1.64
16:51:59,21.97,16.48,724.21,1.9
16:51:59,21.97,16.48,724.21,1.62
16:51:59,21.97,16.48,724.21,1.81
16:51:59,21.97,16.48,724.21,1.04
16:51:59,21.97,16.48,724.21,1.54
16:52:00,21.97,16.48,724.21,1.79
16:52:00,21.97,16.48,724.21,0.97
16:52:00,21.97,16.48,724.21,0.59
16:52:00,21.97,16.48,724.21,1.62
16:52:00,21.97,16.48,724.21,0.94
16:52:00,21.97,16.48,724.21,0.95
16:52:00,21.97,16.48,724.21,1.28
16:52:00,21.97,16.48,724.21,0.63
16:52:00,21.97,16.48,724.21,1.26
16:52:00,21.97,16.48,724.21,1.6
16:52:00,21.97,16.48,724.21,1.29
16:52:00,21.97,16.48,724.21,1.93
16:52:00,21.97,16.48,724.21,0.93
16:52:00,21.97,16.48,724.21,1.17
16:52:00,21.97,16.48,724.21,1.2
16:52:00,21.97,16.48,724.21,1.54
16:52:00,21.97,16.48,724.21,0.64
16:52:00,21.97,16.48,724.21,0.83
16:52:00,21.97,16.48,724.21,1.77
16:52:00,21.97,16.48,724.21,0.72
16:52:00,21.97,16.48,724.21,1.2
16:52:00,21.97,16.48,724.21,0.94
16:52:00,21.97,16.48,724.21,1.04
16:52:00,21.97,16.48,724.21,1.57
16:52:00,21.97,16.48,724.21,1.35
16:52:00,21.97,16.48,724.21,1.26
16:52:01,21.97,16.48,724.21,1.57
16:52:01,21.97,16.48,724.21,1.85
16:52:01,21.97,16.48,724.21,1.43
16:52:01,21.97,16.48,724.21,0.5
16:52:01,21.97,16.48,724.21,1.37
16:52:01,21.97,16.48,724.21,1.05
16:52:01,21.97,16.48,724.21,0.65
16:52:01,21.97,16.48,724.21,1.71
16:52:01,21.97,16.48,724.21,1.72
16:52:01,21.97,16.48,724.21,0.88
16:52:01,21.97,16.48,724.21,1.41
16:52:01,21.97,16.48,724.21,1.76
16:52:01,21.97,16.48,724.21,1.91
16:52:01,21.97,16.48,724.21,0.52
16:52:01,21.97,16.48,724.21,0.94
16:52:01,21.97,16.48,724.21,1.33
16:52:01,21.97,16.48,724.21,1.61
16:52:01,21.97,16.48,724.21,0.76
16:52:01,21.97,16.48,724.21,1.07
16:52:01,21.97,16.48,724.21,0.58
16:52:01,21.97,16.48,724.21,0.86
16:52:01,21.97,16.48,724.21,0.68
16:52:01,21.97,16.48,724.21,1.38
16:52:01,21.97,16.48,724.21,1.18
16:52:01,21.97,16.48,724.21,0.91
16:52:01,21.97,16.48,724.21,0.61
16:52:01,21.97,16.48,724.21,1.09
16:52:02,21.97,16.48,724.21,1.38
16:52:02,21.97,16.48,724.21,1.8
16:52:02,21.97,16.48,724.21,1.77
16:52:02,21.97,16.48,724.21,1.07
16:52:02,21.97,16.48,724.21,1.33
16:52:02,21.97,16.48,724.21,1.35
16:52:02,21.97,16.48,724.21,1.28
16:52:02,21.97,16.48,724.21,1.36
16:52:02,21.97,16.48,724.21,1.03
16:52:02,21.97,16.48,724.21,0.57
16:52:02,21.97,16.48,724.21,1.81
16:52:02,21.97,16.48,724.21,1.01
16:52:02,21.97,16.48,724.21,1.94
16:52:02,21.97,16.48,724.21,0.88
16:52:02,21.97,16.48,724.21,0.66
16:52:02,21.97,16.48,724.21,0.55
16:52:02,21.97,16.48,724.21,1.37
16:52:02,21.97,16.48,724.21,1.67
16:52:02,21.97,16.48,724.21,1.5
16:52:02,21.97,16.48,724.21,1.96
16:52:02,21.97,16.48,724.21,1.2
16:52:02,21.97,16.48,724.21,1.65
16:52:02,21.97,16.48,724.21,0.76
16:52:02,21.97,16.48,724.21,1.9
16:52:02,21.97,16.48,724.21,1.66
16:52:03,21.97,16.48,724.21,1.83
16:52:03,21.97,16.48,724.21,1.93
16:52:03,21.97,16.48,724.21,2.0
16:52:03,21.97,16.48,724.21,1.73
16:52:03,21.97,16.48,724.21,0.63
16:52:03,21.97,16.48,724.21,1.09
16:52:03,21.97,16.48,724.21,1.82
16:52:03,21.97,16.48,724.21,0.8
16:52:03,21.97,16.48,724.21,1.36
16:52:03,21.97,16.48,724.21,0.59
16:52:03,21.97,16.48,724.21,1.49
16:52:03,21.97,16.48,724.21,1.72
16:52:03,21.97,16.48,724.21,1.46
16:52:03,21.97,16.48,724.21,0.82
16:52:03,21.97,16.48,724.21,1.06
16:52:03,21.97,16.48,724.21,0.9
16:52:03,21.97,16.48,724.21,0.93
16:52:03,21.97,16.48,724.21,1.3
16:52:03,21.97,16.48,724.21,1.33
16:52:03,21.97,16.48,724.21,1.79
16:52:03,21.97,16.48,724.21,1.83
16:52:03,21.97,16.48,724.21,1.3
16:52:04,21.97,16.48,724.21,1.83
16:52:04,21.97,16.48,724.21,1.26
16:52:04,21.97,16.48,724.21,0.92
16:52:04,21.97,16.48,724.21,1.91
16:52:04,21.97,16.48,724.21,1.01
16:52:04,21.97,16.48,724.21,1.41
16:52:04,21.97,16.48,724.21,1.6
16:52:04,21.97,16.48,724.21,1.64
16:52:04,21.97,16.48,724.21,1.17
16:52:04,21.97,16.48,724.21,0.71
16:52:04,21.97,16.48,724.21,1.68
16:52:04,21.97,16.48,724.21,1.89
16:52:04,21.97,16.48,724.21,1.17
16:52:04,21.97,16.48,724.21,1.16
16:52:04,21.97,16.48,724.21,1.0
16:52:04,21.97,16.48,724.21,1.35
16:52:04,21.97,16.48,724.21,0.75
16:52:04,21.97,16.48,724.21,1.71
16:52:04,21.97,16.48,724.21,1.15
16:52:04,21.97,16.48,724.21,1.78
16:52:04,21.97,16.48,724.21,0.53
16:52:04,21.97,16.48,724.21,0.74
16:52:04,21.97,16.48,724.21,1.51
16:52:04,21.97,16.48,724.21,0.55
16:52:04,21.97,16.48,724.21,0.51
16:52:05,21.97,16.48,724.21,0.78
16:52:05,21.97,16.48,724.21,1.47
16:52:05,21.97,16.48,724.21,0.89
16:52:05,21.97,16.48,724.21,0.54
16:52:05,21.97,16.48,724.21,1.99
16:52:05,21.97,16.48,724.21,1.21
16:52:05,21.97,16.48,724.21,1.26
16:52:05,21.97,16.48,724.21,1.12
16:52:05,21.97,16.48,724.21,1.85
16:52:05,21.97,16.48,724.21,1.94
16:52:05,21.97,16.48,724.21,0.64
16:52:05,21.97,16.48,724.21,0.55
16:52:05,21.97,16.48,724.21,1.83
16:52:05,21.97,16.48,724.21,1.05
16:52:05,21.97,16.48,724.21,1.61
16:52:05,21.97,16.48,724.21,0.51
16:52:05,21.97,16.48,724.21,1.09
16:52:05,21.97,16.48,724.21,0.77
16:52:05,21.97,16.48,724.21,1.65
16:52:05,21.97,16.48,724.21,0.99
16:52:05,21.97,16.48,724.21,1.83
16:52:05,21.97,16.48,724.21,1.69
16:52:05,21.97,16.48,724.21,1.19
16:52:05,21.97,16.48,724.21,1.39
16:52:05,21.97,16.48,724.21,0.76
16:52:05,21.97,16.48,724.21,1.51
16:52:05,21.97,16.48,724.21,1.56
16:52:06,21.97,16.48,724.21,0.87
16:52:06,21.97,16.48,724.21,0.5
16:52:06,21.97,16.48,724.21,1.4
16:52:06,21.97,16.48,724.21,1.14
16:52:06,21.97,16.48,724.21,0.5
16:52:06,21.97,16.48,724.21,1.04
16:52:06,21.97,16.48,724.21,1.36
16:52:06,21.97,16.48,724.21,1.73
16:52:06,21.97,16.48,724.21,0.66
16:52:06,21.97,16.48,724.21,1.93
16:52:06,21.97,16.48,724.21,1.58
16:52:06,21.97,16.48,724.21,1.94
16:52:06,21.97,16.48,724.21,1.23
16:52:06,21.97,16.48,724.21,1.63
16:52:06,21.97,16.48,724.21,0.87
16:52:06,21.97,16.48,724.21,0.66
16:52:06,21.97,16.48,724.21,1.28
16:52:06,21.97,16.48,724.21,1.98
16:52:06,21.97,16.48,724.21,0.51
16:52:06,21.97,16.48,724.21,1.63
16:52:06,21.97,16.48,724.21,1.65
16:52:06,21.97,16.48,724.21,0.99
16:52:06,21.97,16.48,724.21,1.45
16:52:06,21.97,16.48,724.21,1.39
16:52:06,21.97,16.48,724.21,1.93
16:52:06,21.97,16.48,724.21,0.71
16:52:07,21.97,16.48,724.21,1.12
16:52:07,21.97,16.48,724.21,1.39
16:52:07,21.97,16.48,724.21,1.95
16:52:07,21.97,16.48,724.21,1.38
16:52:07,21.97,16.48,724.21,1.79
16:52:07,21.97,16.48,724.21,1.78
16:52:07,21.97,16.48,724.21,1.45
16:52:07,21.97,16.48,724.21,2.0
16:52:07,21.97,16.48,724.21,0.97
16:52:07,21.97,16.48,724.21,1.34
16:52:07,21.97,16.48,724.21,1.55
16:52:07,21.97,16.48,724.21,0.54
16:52:07,21.97,16.48,724.21,1.24
16:52:07,21.97,16.48,724.21,1.67
16:52:07,21.97,16.48,724.21,0.82
16:52:07,21.97,16.48,724.21,0.7
16:52:07,21.97,16.48,724.21,0.75
16:52:07,21.97,16.48,724.21,1.74
16:52:07,21.97,16.48,724.21,0.77
16:52:07,21.97,16.48,724.21,1.53
16:52:07,21.97,16.48,724.21,1.6
16:52:07,21.97,16.48,724.21,1.06
16:52:07,21.97,16.48,724.21,1.67
16:52:08,21.97,16.48,724.21,0.93
16:52:08,21.97,16.48,724.21,1.02
16:52:08,21.97,16.48,724.21,1.89
16:52:08,21.97,16.48,724.21,0.56
16:52:08,21.97,16.48,724.21,1.66
16:52:08,21.97,16.48,724.21,1.88
16:52:08,21.97,16.48,724.21,1.04
16:52:08,21.97,16.48,724.21,1.55
16:52:08,21.97,16.48,724.21,0.7
16:52:08,21.97,16.48,724.21,1.35
16:52:08,21.97,16.48,724.21,0.53
16:52:08,21.97,16.48,724.21,1.01
16:52:08,21.97,16.48,724.21,1.12
16:52:08,21.97,16.48,724.21,0.51
16:52:08,21.97,16.48,724.21,1.27
16:52:08,21.97,16.48,724.21,1.7
16:52:08,21.97,16.48,724.21,0.65
16:52:08,21.97,16.48,724.21,1.83
16:52:08,21.97,16.48,724.21,0.51
16:52:08,21.97,16.48,724.21,0.52
16:52:08,21.97,16.48,724.21,0.58
16:52:08,21.97,16.48,724.21,1.83
16:52:08,21.97,16.48,724.21,1.07
16:52:08,21.97,16.48,724.21,0.72
16:52:08,21.97,16.48,724.21,1.87
16:52:09,21.97,16.48,724.21,1.99
16:52:09,21.97,16.48,724.21,1.23
16:52:09,21.97,16.48,724.21,0.94
16:52:09,21.97,16.48,724.21,1.51
16:52:09,21.97,16.48,724.21,1.03
16:52:09,21.97,16.48,724.21,0.88
16:52:09,21.97,16.48,724.21,1.9
16:52:09,21.97,16.48,724.21,0.95
16:52:09,21.97,16.48,724.21,1.46
16:52:09,21.97,16.48,724.21,1.11
16:52:09,21.97,16.48,724.21,1.31
16:52:09,21.97,16.48,724.21,1.37
16:52:09,21.97,16.48,724.21,0.63
16:52:09,21.97,16.48,724.21,1.87
16:52:09,21.97,16.48,724.21,1.09
16:52:09,21.97,16.48,724.21,0.77
16:52:09,21.97,16.48,724.21,1.69
16:52:09,21.97,16.48,724.21,1.3
16:52:09,21.97,16.48,724.21,1.37
16:52:09,21.97,16.48,724.21,0.85
16:52:09,21.97,16.48,724.21,1.84
16:52:09,21.97,16.48,724.21,1.68
16:52:09,21.97,16.48,724.21,1.05
16:52:09,21.97,16.48,724.21,1.71
16:52:09,21.97,16.48,724.21,1.82
16:52:09,21.97,16.48,724.21,1.64
16:52:10,21.97,16.48,724.21,1.28
16:52:10,21.97,16.48,724.21,1.82
16:52:10,21.97,16.48,724.21,1.03
16:52:10,21.97,16.48,724.21,1.39
16:52:10,21.97,16.48,724.21,1.22
16:52:10,21.97,16.48,724.21,1.8
16:52:10,21.97,16.48,724.21,0.72
16:52:10,21.97,16.48,724.21,0.73
16:52:10,21.97,16.48,724.21,1.46
16:52:10,21.97,16.48,724.21,0.87
16:52:10,21.97,16.48,724.21,1.76
16:52:10,21.97,16.48,724.21,0.67
16:52:10,21.97,16.48,724.21,1.87
16:52:10,21.97,16.48,724.21,0.54
16:52:10,21.97,16.48,724.21,1.59
16:52:10,21.97,16.48,724.21,1.89
16:52:10,21.97,16.48,724.21,0.91
16:52:10,21.97,16.48,724.21,0.56
16:52:10,21.97,16.48,724.21,1.12
16:52:10,21.97,16.48,724.21,1.76
16:52:10,21.97,16.48,724.21,1.13
16:52:10,21.97,16.48,724.21,1.97
16:52:10,21.97,16.48,724.21,1.36
16:52:10,21.97,16.48,724.21,0.95
16:52:10,21.97,16.48,724.21,1.0
16:52:10,21.97,16.48,724.21,1.01
16:52:11,21.97,16.48,724.21,0.72
16:52:11,21.97,16.48,724.21,1.27
16:52:11,21.97,16.48,724.21,0.55
16:52:11,21.97,16.48,724.21,0.96
16:52:11,21.97,16.48,724.21,0.84
16:52:11,21.97,16.48,724.21,0.62
16:52:11,21.97,16.48,724.21,1.45
16:52:11,21.97,16.48,724.21,1.1
16:52:11,21.97,16.48,724.21,1.36
16:52:11,21.97,16.48,724.21,1.33
16:52:11,21.97,16.48,724.21,1.15
16:52:11,21.97,16.48,724.21,1.53
16:52:11,21.97,16.48,724.21,1.22
16:52:11,21.97,16.48,724.21,1.39
16:52:11,21.97,16.48,724.21,1.54
16:52:11,21.97,16.48,724.21,1.67
16:52:11,21.97,16.48,724.21,1.54
16:52:11,21.97,16.48,724.21,1.96
16:52:11,21.97,16.48,724.21,1.53
16:52:11,21.97,16.48,724.21,1.61
16:52:11,21.97,16.48,724.21,0.67
16:52:11,21.97,16.48,724.21,1.34
16:52:11,21.97,16.48,724.21,1.63
16:52:11,21.97,16.48,724.21,1.68
16:52:11,21.97,16.48,724.21,1.23
16:52:11,21.97,16.48,724.21,0.91
16:52:12,21.97,16.48,724.21,1.17
16:52:12,21.97,16.48,724.21,1.32
16:52:12,21.97,16.48,724.21,1.89
16:52:12,21.97,16.48,724.21,0.84
16:52:12,21.97,16.48,724.21,0.51
16:52:12,21.97,16.48,724.21,1.03
16:52:12,21.97,16.48,724.21,0.78
16:52:12,21.97,16.48,724.21,0.88
16:52:12,21.97,16.48,724.21,1.7
16:52:12,21.97,16.48,724.21,1.92
16:52:12,21.97,16.48,724.21,1.55
16:52:12,21.97,16.48,724.21,0.67
16:52:12,21.97,16.48,724.21,1.61
16:52:12,21.97,16.48,724.21,0.56
16:52:12,21.97,16.48,724.21,1.2
16:52:12,21.97,16.48,724.21,0.95
16:52:12,21.97,16.48,724.21,1.7
16:52:12,21.97,16.48,724.21,1.51
16:52:12,21.97,16.48,724.21,1.18
16:52:12,21.97,16.48,724.21,1.1
16:52:12,21.97,16.48,724.21,1.96
16:52:13,21.97,16.48,724.21,1.42
16:52:13,21.97,16.48,724.21,1.47
16:52:13,21.97,16.48,724.21,0.65
16:52:13,21.97,16.48,724.21,1.19
16:52:13,21.97,16.48,724.21,1.25
16:52:13,21.97,16.48,724.21,1.88
16:52:13,21.97,16.48,724.21,1.23
16:52:13,21.97,16.48,724.21,0.83
16:52:13,21.97,16.48,724.21,1.4
16:52:13,21.97,16.48,724.21,1.44
16:52:13,21.97,16.48,724.21,1.53
16:52:13,21.97,16.48,724.21,1.07
16:52:13,21.97,16.48,724.21,1.89
16:52:13,21.97,16.48,724.21,1.0
16:52:13,21.97,16.48,724.21,1.7
16:52:13,21.97,16.48,724.21,0.92
16:52:13,21.97,16.48,724.21,1.08
16:52:13,21.97,16.48,724.21,1.56
16:52:13,21.97,16.48,724.21,1.81
16:52:13,21.97,16.48,724.21,1.99
16:52:13,21.97,16.48,724.21,0.78
16:52:13,21.97,16.48,724.21,0.63
16:52:14,21.97,16.48,724.21,0.84
16:52:14,21.97,16.48,724.21,1.51
16:52:14,21.97,16.48,724.21,0.85
16:52:14,21.97,16.48,724.21,1.32
16:52:14,21.97,16.48,724.21,1.24
16:52:14,21.97,16.48,724.21,1.32
16:52:14,21.97,16.48,724.21,1.29
16:52:14,21.97,16.48,724.21,1.55
16:52:14,21.97,16.48,724.21,1.23
16:52:14,21.97,16.48,724.21,0.76
16:52:14,21.97,16.48,724.21,1.19
16:52:14,21.97,16.48,724.21,1.32
16:52:14,21.97,16.48,724.21,1.27
16:52:14,21.97,16.48,724.21,1.06
16:52:14,21.97,16.48,724.21,1.29
16:52:14,21.97,16.48,724.21,1.26
16:52:14,21.97,16.48,724.21,1.76
16:52:14,21.97,16.48,724.21,0.83
16:52:14,21.97,16.48,724.21,1.16
16:52:14,21.97,16.48,724.21,1.05
16:52:14,21.97,16.48,724.21,1.66
16:52:14,21.97,16.48,724.21,0.88
16:52:15,21.97,16.48,724.21,0.7
16:52:15,21.97,16.48,724.21,0.69
16:52:15,21.97,16.48,724.21,0.9
16:52:15,21.97,16.48,724.21,1.54
16:52:15,21.97,16.48,724.21,1.04
16:52:15,21.97,16.48,724.21,1.01
16:52:15,21.97,16.48,724.21,1.96
16:52:15,21.97,16.48,724.21,0.61
16:52:15,21.97,16.48,724.21,1.3
16:52:15,21.97,16.48,724.21,1.37
16:52:15,21.97,16.48,724.21,1.71
16:52:15,21.97,16.48,724.21,1.73
16:52:15,21.97,16.48,724.21,0.54
16:52:15,21.97,16.48,724.21,1.22
16:52:15,21.97,16.48,724.21,1.94
16:52:15,21.97,16.48,724.21,1.96
16:52:15,21.97,16.48,724.21,1.51
16:52:15,21.97,16.48,724.21,1.66
16:52:15,21.97,16.48,724.21,0.83
16:52:15,21.97,16.48,724.21,1.27
16:52:15,21.97,16.48,724.21,1.0
16:52:15,21.97,16.48,724.21,0.64
16:52:15,21.97,16.48,724.21,1.46
16:52:16,21.97,16.48,724.21,1.68
16:52:16,21.97,16.48,724.21,1.19
16:52:16,21.97,16.48,724.21,1.18
16:52:16,21.97,16.48,724.21,1.51
16:52:16,21.97,16.48,724.21,0.65
16:52:16,21.97,16.48,724.21,1.03
16:52:16,21.97,16.48,724.21,1.38
16:52:16,21.97,16.48,724.21,1.81
16:52:16,21.97,16.48,724.21,1.28
16:52:16,21.97,16.48,724.21,1.93
16:52:16,21.97,16.48,724.21,1.64
16:52:16,21.97,16.48,724.21,1.42
16:52:16,21.97,16.48,724.21,1.51
16:52:16,21.97,16.48,724.21,1.34
16:52:16,21.97,16.48,724.21,1.42
16:52:16,21.97,16.48,724.21,1.51
16:52:16,21.97,16.48,724.21,1.44
16:52:16,21.97,16.48,724.21,1.65
16:52:16,21.97,16.48,724.21,0.75
16:52:16,21.97,16.48,724.21,1.43
16:52:16,21.97,16.48,724.21,1.74
16:52:16,21.97,16.48,724.21,0.51
16:52:16,21.97,16.48,724.21,0.97
16:52:16,21.97,16.48,724.21,0.72
16:52:16,21.97,16.48,724.21,1.91
16:52:17,21.97,16.48,724.21,1.95
16:52:17,21.97,16.48,724.21,1.15
16:52:17,21.97,16.48,724.21,0.62
16:52:17,21.97,16.48,724.21,1.43
16:52:17,21.97,16.48,724.21,0.66
16:52:17,21.97,16.48,724.21,1.46
16:52:17,21.97,16.48,724.21,1.0
16:52:17,21.97,16.48,724.21,1.46
16:52:17,21.97,16.48,724.21,0.61
16:52:17,21.97,16.48,724.21,1.95
16:52:17,21.97,16.48,724.21,0.69
16:52:17,21.97,16.48,724.21,1.25
16:52:17,21.97,16.48,724.21,1.49
16:52:17,21.97,16.48,724.21,1.79
16:52:17,21.97,16.48,724.21,0.51
16:52:17,21.97,16.48,724.21,1.07
16:52:17,21.97,16.48,724.21,1.36
16:52:17,21.97,16.48,724.21,1.25
16:52:17,21.97,16.48,724.21,1.87
16:52:17,21.97,16.48,724.21,1.13
16:52:17,21.97,16.48,724.21,1.84
16:52:17,21.97,16.48,724.21,1.08
16:52:17,21.97,16.48,724.21,0.92
16:52:17,21.97,16.48,724.21,1.06
16:52:17,21.97,16.48,724.21,1.27
16:52:17,21.97,16.48,724.21,1.71
16:52:18,21.97,16.48,724.21,1.72
16:52:18,21.97,16.48,724.21,1.16
16:52:18,21.97,16.48,724.21,0.95
16:52:18,21.97,16.48,724.21,1.01
16:52:18,21.97,16.48,724.21,0.75
16:52:18,21.97,16.48,724.21,1.44
16:52:18,21.97,16.48,724.21,1.58
16:52:18,21.97,16.48,724.21,1.72
16:52:18,21.97,16.48,724.21,0.8
16:52:18,21.97,16.48,724.21,1.2
16:52:18,21.97,16.48,724.21,1.42
16:52:18,21.97,16.48,724.21,0.75
16:52:18,21.97,16.48,724.21,1.4
16:52:18,21.97,16.48,724.21,1.98
16:52:18,21.97,16.48,724.21,1.31
16:52:18,21.97,16.48,724.21,1.79
16:52:18,21.97,16.48,724.21,1.18
16:52:18,21.97,16.48,724.21,1.73
16:52:18,21.97,16.48,724.21,1.49
16:52:18,21.97,16.48,724.21,1.78
16:52:18,21.97,16.48,724.21,1.78
16:52:18,21.97,16.48,724.21,1.15
16:52:18,21.97,16.48,724.21,1.61
16:52:18,21.97,16.48,724.21,1.29
16:52:18,21.97,16.48,724.21,1.69
16:52:18,21.97,16.48,724.21,1.49
16:52:18,21.97,16.48,724.21,0.5
16:52:19,21.97,16.48,724.21,0.88
16:52:19,21.97,16.48,724.21,1.27
16:52:19,21.97,16.48,724.21,1.37
16:52:19,21.97,16.48,724.21,1.01
16:52:19,21.97,16.48,724.21,0.72
16:52:19,21.97,16.48,724.21,1.28
16:52:19,21.97,16.48,724.21,0.88
16:52:19,21.97,16.48,724.21,1.76
16:52:19,21.97,16.48,724.21,1.07
16:52:19,21.97,16.48,724.21,0.75
16:52:19,21.97,16.48,724.21,0.88
16:52:19,21.97,16.48,724.21,0.86
16:52:19,21.97,16.48,724.21,1.34
16:52:19,21.97,16.48,724.21,1.56
16:52:19,21.97,16.48,724.21,1.31
16:52:19,21.97,16.48,724.21,1.43
16:52:19,21.97,16.48,724.21,0.99
16:52:19,21.97,16.48,724.21,1.99
16:52:19,21.97,16.48,724.21,1.14
16:52:19,21.97,16.48,724.21,1.37
16:52:19,21.97,16.48,724.21,1.27
16:52:19,21.97,16.48,724.21,0.77
16:52:19,21.97,16.48,724.21,1.38
16:52:19,21.97,16.48,724.21,0.95
16:52:19,21.97,16.48,724.21,1.84
16:52:19,21.97,16.48,724.21,0.71
16:52:19,21.97,16.48,724.21,0.58
16:52:19,21.97,16.48,724.21,1.57
16:52:20,21.97,16.48,724.21,1.36
16:52:20,21.97,16.48,724.21,1.91
16:52:20,21.97,16.48,724.21,2.0
16:52:20,21.97,16.48,724.21,1.72
16:52:20,21.97,16.48,724.21,1.92
16:52:20,21.97,16.48,724.21,0.57
16:52:20,21.97,16.48,724.21,1.61
16:52:20,21.97,16.48,724.21,1.04
16:52:20,21.97,16.48,724.21,0.85
16:52:20,21.97,16.48,724.21,0.55
16:52:20,21.97,16.48,724.21,1.66
16:52:20,21.97,16.48,724.21,1.3
16:52:20,21.97,16.48,724.21,0.86
